enrolment_id,course_id,weekly_quiz,assignment_1,assignment_2,final_exam,total_assessment_score_percent
5000448,CSSE2010,9,13,12,28,62
5002920,CSSE2010,10,15,11,22,58
5008655,CSSE2010,6,13,17,46,82
5012866,CSSE2010,5,12,18,27,62
5014589,CSSE2010,6,15,18,37,76
5024642,CSSE2010,8,9,16,29,62
5026640,CSSE2010,5,18,12,33,68
5029409,CSSE2010,8,18,17,38,81
5033042,CSSE2010,4,11,11,38,63
5034387,CSSE2010,9,12,14,40,74
5038038,CSSE2010,7,18,16,42,82
5038777,CSSE2010,10,15,15,32,71
5043889,CSSE2010,6,12,19,27,63
5048009,CSSE2010,5,12,10,16,42
5048441,CSSE2010,5,15,17,40,76
5051869,CSSE2010,5,19,17,29,70
5054288,CSSE2010,4,19,16,22,60
5054963,CSSE2010,5,14,16,36,71
5059844,CSSE2010,6,16,13,38,73
5062925,CSSE2010,9,18,15,13,55
5064113,CSSE2010,6,20,15,46,87
5064166,CSSE2010,9,11,20,28,68
5065610,CSSE2010,8,17,11,42,78
5065898,CSSE2010,9,16,9,48,83
5071927,CSSE2010,4,13,12,23,52
5072653,CSSE2010,10,15,20,48,92
5073397,CSSE2010,6,11,19,50,85
5078075,CSSE2010,5,9,10,34,57
5079080,CSSE2010,7,9,11,37,63
5082622,CSSE2010,9,14,16,31,71
5083718,CSSE2010,6,9,9,33,57
5085615,CSSE2010,6,18,12,50,86
5087038,CSSE2010,8,18,17,24,66
5087504,CSSE2010,9,12,10,31,62
5094509,CSSE2010,8,15,14,38,75
5104334,CSSE2010,9,19,13,33,74
5117218,CSSE2010,9,12,14,30,65
5122034,CSSE2010,9,14,14,33,70
5123099,CSSE2010,3,6,17,35,61
5126552,CSSE2010,6,19,12,29,66
5127743,CSSE2010,7,10,15,44,76
5129930,CSSE2010,10,19,20,26,75
5133308,CSSE2010,8,15,19,41,83
5136695,CSSE2010,8,14,13,30,66
5143968,CSSE2010,8,11,19,15,53
5147404,CSSE2010,7,18,9,46,80
5147823,CSSE2010,8,11,13,47,79
5148851,CSSE2010,5,17,20,47,89
5149490,CSSE2010,4,18,13,46,81
5153143,CSSE2010,8,19,12,38,76
5154120,CSSE2010,7,10,7,41,64
5155291,CSSE2010,7,12,9,31,59
5155733,CSSE2010,5,10,9,10,34
5160193,CSSE2010,7,13,16,36,73
5162131,CSSE2010,10,19,20,50,99
5163888,CSSE2010,7,18,15,26,66
5164117,CSSE2010,8,18,10,43,79
5164890,CSSE2010,10,11,18,22,61
5165821,CSSE2010,5,20,11,16,52
5168649,CSSE2010,7,9,10,26,52
5168755,CSSE2010,7,11,11,41,70
5175305,CSSE2010,8,9,14,45,75
5175800,CSSE2010,3,9,16,26,54
5177596,CSSE2010,7,15,12,47,81
5177642,CSSE2010,5,13,11,35,63
5177675,CSSE2010,5,10,10,30,54
5181795,CSSE2010,6,17,19,43,85
5187718,CSSE2010,4,7,7,28,46
5191685,CSSE2010,8,20,18,38,83
5193789,CSSE2010,5,9,11,41,65
5199132,CSSE2010,9,7,18,36,70
5206084,CSSE2010,5,15,12,27,59
5208504,CSSE2010,8,19,10,36,73
5211065,CSSE2010,5,20,12,40,76
5211328,CSSE2010,9,16,13,47,85
5211699,CSSE2010,6,16,15,47,84
5217017,CSSE2010,5,11,8,42,66
5219848,CSSE2010,9,14,11,44,78
5225099,CSSE2010,9,15,14,44,82
5226167,CSSE2010,9,16,14,45,85
5226786,CSSE2010,9,16,7,29,61
5229461,CSSE2010,8,20,12,28,67
5230532,CSSE2010,7,10,16,48,81
5230576,CSSE2010,9,19,11,28,67
5230985,CSSE2010,5,8,19,38,70
5233095,CSSE2010,8,15,17,23,62
5234991,CSSE2010,9,13,17,42,80
5236782,CSSE2010,9,13,9,25,55
5238999,CSSE2010,8,17,19,20,64
5248375,CSSE2010,5,13,16,45,80
5250072,CSSE2010,8,12,18,32,69
5251277,CSSE2010,6,13,20,29,67
5253419,CSSE2010,5,18,16,33,72
5255039,CSSE2010,10,12,19,46,87
5255620,CSSE2010,7,19,16,28,70
5255738,CSSE2010,5,12,9,31,56
5257680,CSSE2010,9,11,16,23,59
5259472,CSSE2010,8,10,8,34,60
5262402,CSSE2010,6,13,15,20,55
5265432,CSSE2010,7,8,14,42,72
5276143,CSSE2010,6,11,16,40,73
5278969,CSSE2010,9,18,9,29,66
5280664,CSSE2010,6,20,16,35,77
5284358,CSSE2010,8,20,16,37,80
5292427,CSSE2010,9,10,9,26,53
5293138,CSSE2010,10,11,11,43,74
5295242,CSSE2010,6,9,9,50,74
5302431,CSSE2010,6,10,17,28,61
5304460,CSSE2010,6,12,10,28,56
5307690,CSSE2010,5,10,12,35,61
5308643,CSSE2010,6,12,10,28,56
5309589,CSSE2010,6,17,10,48,81
5312874,CSSE2010,7,12,10,39,67
5314337,CSSE2010,5,14,17,21,57
5317444,CSSE2010,8,8,14,33,63
5318662,CSSE2010,7,18,12,26,63
5322483,CSSE2010,6,9,15,40,71
5327583,CSSE2010,7,14,20,26,66
5328804,CSSE2010,4,17,13,47,80
5330943,CSSE2010,7,15,8,26,56
5335230,CSSE2010,10,15,19,42,86
5336239,CSSE2010,10,16,19,40,85
5344012,CSSE2010,9,12,13,30,64
5347235,CSSE2010,8,17,11,28,63
5350096,CSSE2010,5,11,6,30,52
5351466,CSSE2010,9,20,18,47,93
5352214,CSSE2010,7,13,13,11,43
5353996,CSSE2010,7,16,15,31,70
5359100,CSSE2010,10,18,17,33,77
5361134,CSSE2010,8,14,17,34,71
5361496,CSSE2010,7,11,11,36,65
5362819,CSSE2010,9,19,15,31,74
5364414,CSSE2010,9,15,14,38,76
5367398,CSSE2010,7,11,16,29,63
5367606,CSSE2010,3,15,14,22,54
5370110,CSSE2010,3,7,11,40,60
5371998,CSSE2010,7,16,13,36,71
5374632,CSSE2010,8,10,8,19,45
5377934,CSSE2010,10,11,18,20,59
5378375,CSSE2010,7,9,13,23,52
5381340,CSSE2010,10,15,14,35,74
5391462,CSSE2010,7,12,15,37,71
5391541,CSSE2010,8,14,11,28,61
5402334,CSSE2010,9,14,16,43,81
5403645,CSSE2010,8,14,17,42,80
5404049,CSSE2010,4,17,18,47,86
5404423,CSSE2010,3,18,17,19,57
5406293,CSSE2010,7,12,11,44,74
5410387,CSSE2010,8,15,9,21,52
5413739,CSSE2010,6,8,17,34,64
5414192,CSSE2010,10,16,20,28,73
5415576,CSSE2010,9,20,16,35,80
5425865,CSSE2010,6,15,16,41,77
5428737,CSSE2010,9,18,11,47,84
5435377,CSSE2010,8,20,16,28,71
5435400,CSSE2010,5,20,5,24,54
5435929,CSSE2010,6,12,19,50,86
5440618,CSSE2010,8,15,11,40,74
5440950,CSSE2010,8,11,14,28,61
5443729,CSSE2010,5,16,19,43,84
5444365,CSSE2010,5,20,20,39,84
5444781,CSSE2010,7,17,18,23,65
5445110,CSSE2010,4,8,17,37,65
5445186,CSSE2010,6,17,11,28,62
5446021,CSSE2010,9,19,10,44,82
5448667,CSSE2010,9,20,13,42,83
5451167,CSSE2010,4,14,16,40,75
5455245,CSSE2010,4,16,15,33,68
5457029,CSSE2010,9,18,8,24,59
5462526,CSSE2010,4,13,8,35,60
5462648,CSSE2010,9,13,11,34,67
5463330,CSSE2010,3,14,10,34,61
5463615,CSSE2010,7,11,12,28,59
5463722,CSSE2010,9,16,18,44,86
5464316,CSSE2010,10,18,6,49,83
5466506,CSSE2010,6,12,14,50,81
5471315,CSSE2010,10,8,17,28,63
5471585,CSSE2010,5,10,19,25,59
5472201,CSSE2010,5,14,9,43,70
5474342,CSSE2010,5,16,9,50,80
5476463,CSSE2010,10,15,19,35,78
5481040,CSSE2010,6,10,18,45,79
5481518,CSSE2010,8,17,3,21,49
5489024,CSSE2010,9,10,11,43,72
5490044,CSSE2010,8,19,6,33,66
5492393,CSSE2010,9,12,14,23,58
5498345,CSSE2010,4,17,16,41,78
5498858,CSSE2010,6,18,16,47,86
5503484,CSSE2010,9,19,19,36,84
5509067,CSSE2010,5,5,6,28,44
5519827,CSSE2010,10,14,16,27,67
5522549,CSSE2010,5,20,17,23,65
5529064,CSSE2010,7,20,16,35,78
5533102,CSSE2010,7,17,7,42,73
5533648,CSSE2010,4,10,15,33,62
5539807,CSSE2010,9,12,5,37,63
5539927,CSSE2010,3,17,7,47,73
5547432,CSSE2010,10,16,17,30,72
5547655,CSSE2010,3,9,5,16,33
5549801,CSSE2010,5,14,17,37,72
5550555,CSSE2010,6,15,16,47,84
5552059,CSSE2010,6,15,17,39,77
5553157,CSSE2010,7,15,18,40,79
5556407,CSSE2010,8,11,17,25,61
5562364,CSSE2010,4,13,8,41,66
5567349,CSSE2010,5,19,12,25,61
5569302,CSSE2010,10,4,10,19,43
5570524,CSSE2010,5,14,20,21,59
5571507,CSSE2010,10,14,14,36,75
5572987,CSSE2010,7,18,15,39,78
5581602,CSSE2010,9,17,18,34,77
5582640,CSSE2010,4,10,16,21,51
5583535,CSSE2010,7,13,10,41,72
5585543,CSSE2010,5,15,18,48,86
5586630,CSSE2010,6,8,16,26,57
5586998,CSSE2010,10,10,7,45,71
5588687,CSSE2010,7,11,11,50,79
5590896,CSSE2010,8,11,4,6,29
5591026,CSSE2010,8,10,14,31,63
5596839,CSSE2010,6,19,20,33,78
5600189,CSSE2010,10,12,13,37,72
5600965,CSSE2010,6,11,14,41,71
5606936,CSSE2010,9,11,17,23,60
5607943,CSSE2010,7,18,19,27,70
5609000,CSSE2010,6,19,16,28,69
5615927,CSSE2010,8,14,15,34,71
5616282,CSSE2010,10,13,17,30,70
5617588,CSSE2010,8,13,19,27,68
5631152,CSSE2010,9,17,12,21,59
5632010,CSSE2010,6,19,18,37,80
5632861,CSSE2010,4,14,14,24,55
5632932,CSSE2010,8,12,13,23,55
5633326,CSSE2010,8,15,20,50,93
5633640,CSSE2010,7,19,17,26,69
5635208,CSSE2010,9,14,17,49,89
5639044,CSSE2010,10,18,14,36,78
5647243,CSSE2010,8,18,15,48,88
5647345,CSSE2010,6,11,18,22,58
5648781,CSSE2010,3,19,19,45,86
5650058,CSSE2010,7,16,15,25,63
5650251,CSSE2010,5,13,12,47,76
5650577,CSSE2010,6,18,18,49,91
5651695,CSSE2010,7,18,18,32,75
5652035,CSSE2010,8,20,15,45,88
5653374,CSSE2010,7,9,20,49,85
5664786,CSSE2010,5,7,10,35,57
5667359,CSSE2010,8,12,17,48,84
5670202,CSSE2010,6,16,14,38,74
5670654,CSSE2010,6,14,12,26,58
5676291,CSSE2010,8,10,14,42,73
5679273,CSSE2010,5,14,8,41,67
5680769,CSSE2010,4,19,9,42,74
5683828,CSSE2010,9,19,12,37,77
5686415,CSSE2010,7,17,16,27,67
5687312,CSSE2010,4,10,9,13,36
5694651,CSSE2010,5,10,18,28,60
5700379,CSSE2010,4,15,15,26,60
5701950,CSSE2010,8,13,19,46,86
5703088,CSSE2010,7,12,20,40,77
5706820,CSSE2010,6,16,15,22,59
5707153,CSSE2010,4,16,17,49,86
5713127,CSSE2010,6,12,11,29,58
5713936,CSSE2010,8,14,17,45,84
5728156,CSSE2010,5,12,14,13,43
5731876,CSSE2010,9,7,15,24,55
5732608,CSSE2010,9,20,12,38,79
5740780,CSSE2010,8,20,15,47,90
5743128,CSSE2010,6,13,11,35,65
5743941,CSSE2010,5,17,7,20,48
5748544,CSSE2010,6,11,16,27,59
5750765,CSSE2010,10,11,19,42,81
5751003,CSSE2010,8,17,14,47,87
5752281,CSSE2010,6,19,20,47,92
5752918,CSSE2010,7,14,7,24,52
5757807,CSSE2010,7,18,17,41,83
5757973,CSSE2010,10,19,19,26,74
5762393,CSSE2010,10,11,12,39,72
5764228,CSSE2010,7,11,13,32,63
5764827,CSSE2010,9,9,12,42,72
5770294,CSSE2010,4,14,15,24,57
5777517,CSSE2010,4,14,19,34,71
5779834,CSSE2010,3,17,14,27,61
5780590,CSSE2010,6,17,18,27,67
5781138,CSSE2010,8,12,15,21,55
5781717,CSSE2010,5,20,14,29,68
5784112,CSSE2010,5,9,9,22,44
5784128,CSSE2010,5,16,12,44,77
5785298,CSSE2010,9,13,11,47,80
5788816,CSSE2010,7,18,16,49,90
5793325,CSSE2010,5,15,10,47,77
5794109,CSSE2010,7,19,19,47,92
5799808,CSSE2010,8,13,13,14,49
5800468,CSSE2010,4,15,6,11,35
5801698,CSSE2010,5,10,7,38,60
5802982,CSSE2010,7,18,18,30,73
5808131,CSSE2010,4,7,11,41,63
5813454,CSSE2010,7,17,18,49,91
5813694,CSSE2010,9,15,15,44,83
5817258,CSSE2010,5,19,8,30,61
5819372,CSSE2010,6,10,13,39,67
5821167,CSSE2010,6,16,16,45,83
5822003,CSSE2010,5,11,10,23,50
5822430,CSSE2010,10,14,9,44,77
5824308,CSSE2010,5,12,16,27,60
5825537,CSSE2010,5,17,13,31,66
5826665,CSSE2010,9,10,7,38,64
5827876,CSSE2010,5,7,16,43,71
5828197,CSSE2010,6,12,7,27,51
5831154,CSSE2010,7,17,18,40,82
5836251,CSSE2010,4,12,17,39,72
5838203,CSSE2010,7,16,10,18,52
5840754,CSSE2010,10,9,9,47,74
5843592,CSSE2010,5,9,13,25,52
5844046,CSSE2010,6,16,11,34,66
5847546,CSSE2010,7,17,10,33,66
5853321,CSSE2010,4,11,7,42,63
5857152,CSSE2010,6,13,6,47,72
5859348,CSSE2010,9,10,10,30,60
5859986,CSSE2010,7,11,17,34,68
5863978,CSSE2010,7,9,9,37,61
5865201,CSSE2010,7,12,7,23,49
5874320,CSSE2010,6,14,14,41,76
5874771,CSSE2010,10,18,10,19,57
5888742,CSSE2010,6,18,18,38,80
5888794,CSSE2010,5,11,6,27,49
5891780,CSSE2010,10,19,16,39,83
5894298,CSSE2010,7,11,18,42,79
5895377,CSSE2010,6,13,18,23,60
5902112,CSSE2010,8,12,13,44,77
5904788,CSSE2010,7,14,10,37,68
5904966,CSSE2010,9,13,15,45,82
5906432,CSSE2010,6,20,19,34,79
5913941,CSSE2010,3,11,17,26,57
5919734,CSSE2010,6,11,13,42,72
5921910,CSSE2010,8,15,18,43,84
5922079,CSSE2010,6,9,14,19,48
5922496,CSSE2010,7,13,13,40,73
5923833,CSSE2010,7,19,15,48,90
5925567,CSSE2010,9,16,14,48,86
5927406,CSSE2010,8,19,19,46,92
5928620,CSSE2010,5,18,10,30,63
5932076,CSSE2010,5,19,15,38,76
5935061,CSSE2010,8,7,16,30,61
5935839,CSSE2010,5,11,18,35,69
5944434,CSSE2010,6,13,14,37,69
5951256,CSSE2010,9,17,19,36,80
5951464,CSSE2010,9,14,16,34,72
5953545,CSSE2010,9,10,12,24,55
5957400,CSSE2010,8,15,19,44,86
5957482,CSSE2010,6,8,9,41,64
5961380,CSSE2010,10,14,19,46,89
5972924,CSSE2010,8,12,14,48,83
5980283,CSSE2010,5,11,15,21,52
5981980,CSSE2010,8,7,17,50,81
5983844,CSSE2010,5,15,9,28,57
5984417,CSSE2010,5,12,13,23,52
5986867,CSSE2010,7,19,15,28,70
5987726,CSSE2010,7,19,14,37,77
5987946,CSSE2010,9,10,13,43,76
5991263,CSSE2010,9,19,8,32,68
5992208,CSSE2010,9,19,17,41,85
5992328,CSSE2010,5,13,18,36,72
5994683,CSSE2010,10,16,19,35,79
5994782,CSSE2010,7,17,17,35,75
5996256,CSSE2010,5,6,16,16,43
5998734,CSSE2010,10,14,19,49,92
5999853,CSSE2010,6,19,15,13,52
6003085,CSSE2010,4,15,8,36,62
6009264,CSSE2010,4,7,8,50,70
6009307,CSSE2010,9,14,16,24,63
6012164,CSSE2010,7,14,13,50,84
6014590,CSSE2010,6,6,18,32,61
6016634,CSSE2010,7,17,10,19,53
6019450,CSSE2010,5,9,19,48,82
6025418,CSSE2010,8,19,16,49,92
6029834,CSSE2010,5,12,8,35,61
6034329,CSSE2010,9,12,12,24,57
6038667,CSSE2010,5,7,8,28,48
6047125,CSSE2010,5,5,16,44,70
6048016,CSSE2010,6,11,16,33,65
6048122,CSSE2010,7,11,20,27,64
6054024,CSSE2010,10,17,11,44,81
6054248,CSSE2010,4,12,11,29,57
6067112,CSSE2010,6,8,18,45,77
6067630,CSSE2010,5,16,14,31,66
6067713,CSSE2010,4,9,9,38,59
6071386,CSSE2010,8,15,10,32,65
6072538,CSSE2010,5,13,11,48,77
6072607,CSSE2010,7,14,10,33,64
6075081,CSSE2010,5,11,17,17,50
6075378,CSSE2010,10,11,14,45,80
6082194,CSSE2010,7,10,14,25,55
6087679,CSSE2010,6,17,11,44,77
6089906,CSSE2010,8,16,19,34,77
6090044,CSSE2010,9,18,12,42,81
6094402,CSSE2010,4,17,16,20,57
6095971,CSSE2010,9,20,11,47,86
6110606,CSSE2010,6,18,15,41,81
6111914,CSSE2010,7,19,4,32,61
6113360,CSSE2010,8,16,17,50,90
6121084,CSSE2010,3,14,7,37,61
6122960,CSSE2010,5,8,9,44,66
6124651,CSSE2010,10,15,20,24,69
6131531,CSSE2010,3,20,10,46,78
6132539,CSSE2010,8,15,6,50,79
6133518,CSSE2010,9,17,18,32,76
6136381,CSSE2010,6,18,17,41,82
6140766,CSSE2010,8,14,12,49,83
6143193,CSSE2010,6,15,12,22,54
6146860,CSSE2010,8,12,13,49,82
6154828,CSSE2010,4,17,12,47,80
6157694,CSSE2010,10,8,11,19,48
6160064,CSSE2010,4,18,10,25,57
6162002,CSSE2010,7,12,10,24,53
6164928,CSSE2010,7,10,18,36,71
6165805,CSSE2010,6,13,12,33,63
6167448,CSSE2010,10,20,17,45,90
6176255,CSSE2010,9,11,12,30,61
6178353,CSSE2010,7,16,7,26,56
6178613,CSSE2010,7,11,12,41,70
6180534,CSSE2010,9,20,16,42,86
6184862,CSSE2010,10,15,17,42,83
6185311,CSSE2010,6,11,9,31,57
6186974,CSSE2010,10,18,18,32,77
6190661,CSSE2010,8,12,20,29,69
6192701,CSSE2010,7,15,14,32,68
6198879,CSSE2010,8,17,20,42,87
6200768,CSSE2010,4,11,19,38,72
6202398,CSSE2010,6,18,14,37,75
6205945,CSSE2010,5,15,11,29,60
6210650,CSSE2010,5,15,14,44,78
6211616,CSSE2010,7,14,12,40,72
6212675,CSSE2010,9,14,9,39,71
6219849,CSSE2010,10,17,11,42,79
6223278,CSSE2010,5,15,11,24,56
6223406,CSSE2010,8,20,16,36,78
6224586,CSSE2010,9,11,11,39,71
6225553,CSSE2010,7,13,14,36,70
6227588,CSSE2010,10,13,18,40,81
6228518,CSSE2010,9,11,12,39,71
6230178,CSSE2010,9,16,20,24,68
6232333,CSSE2010,4,14,13,21,52
6232721,CSSE2010,4,9,20,48,81
6235180,CSSE2010,9,19,19,32,78
6246283,CSSE2010,4,10,18,33,64
6248569,CSSE2010,10,19,15,23,67
6248640,CSSE2010,10,15,12,49,85
6250036,CSSE2010,6,17,17,45,86
6252429,CSSE2010,6,9,15,26,56
6257341,CSSE2010,6,16,13,33,68
6259595,CSSE2010,7,14,14,39,74
6259676,CSSE2010,8,18,12,28,66
6266736,CSSE2010,9,19,12,49,89
6273351,CSSE2010,7,18,11,47,82
6277574,CSSE2010,7,20,17,41,84
6278724,CSSE2010,8,11,18,45,82
6279350,CSSE2010,10,15,17,39,80
6281998,CSSE2010,5,15,11,50,81
6282180,CSSE2010,4,18,14,49,85
6290450,CSSE2010,6,14,14,43,77
6295122,CSSE2010,10,20,17,25,72
6295449,CSSE2010,10,17,17,33,77
6299792,CSSE2010,7,10,20,45,81
6304314,CSSE2010,8,9,16,40,73
6305887,CSSE2010,5,14,12,50,81
6310447,CSSE2010,7,13,10,28,59
6312060,CSSE2010,10,6,15,46,77
6312509,CSSE2010,6,17,14,39,76
6318679,CSSE2010,10,14,15,43,83
6321734,CSSE2010,7,12,16,34,69
6322786,CSSE2010,8,19,18,31,76
6323473,CSSE2010,7,7,11,45,70
6325140,CSSE2010,5,9,15,38,67
6329869,CSSE2010,8,17,17,28,70
6331184,CSSE2010,8,18,19,24,69
6334953,CSSE2010,5,8,17,24,54
6335677,CSSE2010,7,19,10,27,62
6338381,CSSE2010,7,16,17,30,69
6341893,CSSE2010,7,18,12,24,61
6342336,CSSE2010,7,16,13,40,76
6342352,CSSE2010,6,10,10,50,76
6342692,CSSE2010,3,13,20,22,58
6345482,CSSE2010,9,20,19,38,84
6345833,CSSE2010,6,9,12,45,71
6348737,CSSE2010,7,16,14,34,70
6353829,CSSE2010,4,8,12,17,40
6354733,CSSE2010,6,19,12,39,76
6355641,CSSE2010,6,13,10,37,66
6359133,CSSE2010,6,16,13,47,82
6360595,CSSE2010,10,8,16,43,77
6361966,CSSE2010,3,18,15,14,51
6368811,CSSE2010,5,14,12,14,45
6370111,CSSE2010,9,6,18,10,43
6378097,CSSE2010,9,18,20,43,90
6381959,CSSE2010,8,15,11,32,66
6388807,CSSE2010,7,13,18,48,86
6391777,CSSE2010,6,11,16,32,65
6393790,CSSE2010,8,9,11,49,76
6399883,CSSE2010,8,14,10,37,69
6407436,CSSE2010,9,20,16,47,92
6408492,CSSE2010,7,15,13,33,68
6409231,CSSE2010,7,20,10,33,70
6409891,CSSE2010,6,10,17,23,55
6411036,CSSE2010,9,12,20,30,71
6411591,CSSE2010,5,19,17,29,71
6413293,CSSE2010,9,10,17,28,63
6423893,CSSE2010,5,16,18,28,67
6426521,CSSE2010,7,12,12,24,54
6428161,CSSE2010,5,14,20,30,68
6428195,CSSE2010,7,19,13,43,82
6430268,CSSE2010,5,9,15,38,66
6440524,CSSE2010,4,18,17,20,58
6442558,CSSE2010,9,11,14,13,46
6446004,CSSE2010,7,17,12,33,69
6448207,CSSE2010,5,15,14,37,70
6455313,CSSE2010,8,7,8,50,73
6457056,CSSE2010,10,14,17,21,61
6457480,CSSE2010,4,12,19,50,84
6462146,CSSE2010,8,17,12,33,70
6463653,CSSE2010,6,15,17,44,81
6473208,CSSE2010,5,15,18,40,78
6477270,CSSE2010,9,11,15,42,77
6480740,CSSE2010,9,14,17,28,67
6481115,CSSE2010,8,11,12,29,60
6487119,CSSE2010,3,6,9,31,49
6488244,CSSE2010,8,11,11,41,71
6492203,CSSE2010,6,8,17,32,63
6492363,CSSE2010,7,5,15,18,44
6492941,CSSE2010,10,8,7,40,65
6495964,CSSE2010,9,20,14,21,64
6496255,CSSE2010,9,18,15,47,89
6496299,CSSE2010,6,15,14,36,70
6496316,CSSE2010,6,19,14,43,82
6503698,CSSE2010,9,16,12,24,61
6506195,CSSE2010,5,9,9,26,49
6506269,CSSE2010,10,20,11,50,91
6512006,CSSE2010,6,14,20,17,57
6512131,CSSE2010,4,8,14,37,62
6522545,CSSE2010,6,17,18,24,65
6524039,CSSE2010,7,17,9,45,77
6526126,CSSE2010,10,17,10,25,62
6528311,CSSE2010,6,12,13,44,74
6531410,CSSE2010,6,20,10,43,79
6531883,CSSE2010,8,11,16,28,63
6535109,CSSE2010,4,11,13,37,65
6541615,CSSE2010,4,7,18,15,43
6541777,CSSE2010,9,16,11,40,76
6543566,CSSE2010,9,13,15,35,71
6544996,CSSE2010,6,12,17,32,67
6556500,CSSE2010,8,10,7,38,63
6557402,CSSE2010,5,11,13,46,74
6558620,CSSE2010,9,20,12,48,88
6560192,CSSE2010,6,18,12,26,61
6564631,CSSE2010,5,17,19,42,84
6565750,CSSE2010,10,20,16,37,83
6578060,CSSE2010,8,11,17,31,67
6590383,CSSE2010,4,16,18,44,82
6592522,CSSE2010,7,18,17,25,66
6592838,CSSE2010,4,10,10,13,37
6594404,CSSE2010,5,9,16,24,54
6595238,CSSE2010,7,17,16,43,84
6595537,CSSE2010,7,10,10,44,71
6600004,CSSE2010,5,8,12,28,52
6604355,CSSE2010,7,13,12,36,68
6606396,CSSE2010,8,14,9,50,82
6606939,CSSE2010,8,4,8,42,62
6607615,CSSE2010,9,20,15,43,86
6608733,CSSE2010,9,16,15,40,80
6611059,CSSE2010,6,15,9,43,73
6613199,CSSE2010,5,8,14,36,63
6617017,CSSE2010,5,7,17,24,54
6619295,CSSE2010,7,10,11,21,49
6622865,CSSE2010,5,13,17,38,73
6651481,CSSE2010,6,19,7,38,69
6651949,CSSE2010,10,17,20,38,84
6655780,CSSE2010,10,11,16,28,66
6657839,CSSE2010,9,12,16,17,53
6663077,CSSE2010,7,16,17,38,78
6664960,CSSE2010,7,15,8,33,62
6665583,CSSE2010,3,7,9,43,62
6666697,CSSE2010,8,14,16,45,82
6671816,CSSE2010,3,12,20,43,77
6673106,CSSE2010,7,17,19,47,90
6673490,CSSE2010,5,13,9,27,54
6675744,CSSE2010,5,15,11,35,67
6675986,CSSE2010,7,11,3,19,40
6681085,CSSE2010,3,16,5,39,63
6682798,CSSE2010,8,15,16,34,72
6687916,CSSE2010,8,16,18,49,91
6698273,CSSE2010,4,15,6,36,60
6699957,CSSE2010,4,13,20,49,87
6704419,CSSE2010,6,16,9,43,73
6706149,CSSE2010,6,16,15,33,70
6708749,CSSE2010,6,11,16,45,78
6722571,CSSE2010,9,9,16,48,81
6725427,CSSE2010,8,13,10,31,62
6727783,CSSE2010,8,19,17,31,75
6727967,CSSE2010,7,9,14,26,56
6728418,CSSE2010,4,12,12,41,68
6733569,CSSE2010,5,16,9,27,57
6733849,CSSE2010,9,18,18,46,91
6734738,CSSE2010,8,20,15,40,82
6739013,CSSE2010,7,15,10,45,76
6739500,CSSE2010,7,19,14,28,67
6740367,CSSE2010,10,19,16,19,63
6742269,CSSE2010,5,14,18,30,66
6742509,CSSE2010,9,18,16,47,89
6744412,CSSE2010,7,18,13,48,85
6744989,CSSE2010,5,7,11,20,44
6753115,CSSE2010,3,16,20,48,87
6755513,CSSE2010,8,17,8,18,51
6759985,CSSE2010,6,5,9,21,41
6761816,CSSE2010,10,12,12,43,77
6762269,CSSE2010,7,19,14,42,82
6762610,CSSE2010,10,17,19,32,78
6763490,CSSE2010,10,13,18,47,88
6765097,CSSE2010,6,16,14,47,83
6765499,CSSE2010,7,17,18,41,83
6769510,CSSE2010,8,16,15,49,88
6771641,CSSE2010,8,16,17,22,62
6771752,CSSE2010,8,11,19,21,59
6776214,CSSE2010,8,17,17,38,81
6779110,CSSE2010,9,19,15,44,87
6783024,CSSE2010,10,13,13,45,80
6788225,CSSE2010,5,16,13,30,64
6791601,CSSE2010,7,17,18,38,80
6792575,CSSE2010,7,17,15,45,84
6793371,CSSE2010,3,14,17,50,84
6794033,CSSE2010,6,18,19,39,81
6794290,CSSE2010,3,15,19,35,72
6794317,CSSE2010,8,20,16,29,72
6797727,CSSE2010,9,5,9,35,57
6801190,CSSE2010,8,14,18,46,85
6804317,CSSE2010,9,11,16,36,72
6806507,CSSE2010,9,13,19,49,90
6809027,CSSE2010,6,19,16,21,62
6812342,CSSE2010,8,10,8,18,44
6813710,CSSE2010,4,15,18,39,76
6814653,CSSE2010,10,12,15,47,83
6814861,CSSE2010,6,12,19,44,81
6817179,CSSE2010,6,7,17,24,54
6827604,CSSE2010,5,11,15,43,73
6828792,CSSE2010,7,11,15,38,71
6831898,CSSE2010,4,10,8,36,57
6837925,CSSE2010,4,18,8,45,75
6842732,CSSE2010,4,9,20,36,68
6847400,CSSE2010,8,13,10,24,54
6848545,CSSE2010,3,8,17,48,76
6856417,CSSE2010,10,11,20,33,73
6863512,CSSE2010,7,20,19,30,75
6864033,CSSE2010,8,15,18,39,80
6865905,CSSE2010,4,9,17,35,64
6866797,CSSE2010,6,16,14,39,74
6872630,CSSE2010,4,15,19,48,86
6876685,CSSE2010,7,14,12,32,65
6879427,CSSE2010,10,12,14,50,86
6894116,CSSE2010,4,9,20,20,52
6895934,CSSE2010,7,11,15,22,55
6896613,CSSE2010,9,18,16,40,84
6897481,CSSE2010,9,11,14,22,56
6903533,CSSE2010,6,15,11,49,82
6906630,CSSE2010,9,16,16,35,75
6906819,CSSE2010,9,11,20,50,89
6907971,CSSE2010,8,16,19,43,85
6911087,CSSE2010,4,13,15,21,52
6911611,CSSE2010,9,9,3,21,41
6913791,CSSE2010,6,17,11,47,81
6913872,CSSE2010,6,10,15,36,67
6913915,CSSE2010,3,16,10,28,57
6914656,CSSE2010,9,17,10,48,84
6915047,CSSE2010,10,19,9,38,75
6918791,CSSE2010,5,9,13,41,68
6921420,CSSE2010,6,12,18,21,58
6922182,CSSE2010,7,17,15,43,81
6926050,CSSE2010,8,10,13,26,57
6926161,CSSE2010,9,19,19,23,69
6928472,CSSE2010,4,10,20,23,56
6930751,CSSE2010,7,19,18,37,81
6930996,CSSE2010,10,9,15,20,53
6934097,CSSE2010,8,18,17,45,88
6938590,CSSE2010,7,17,14,18,56
6939721,CSSE2010,5,19,10,25,58
6951562,CSSE2010,5,6,20,25,56
6955054,CSSE2010,10,20,18,46,94
6956495,CSSE2010,6,19,13,32,69
6957606,CSSE2010,10,11,18,37,76
6958562,CSSE2010,9,18,14,45,86
6959815,CSSE2010,8,14,15,30,67
6965285,CSSE2010,10,10,10,40,70
6966831,CSSE2010,9,14,8,50,80
6968902,CSSE2010,6,15,11,23,54
6983026,CSSE2010,8,8,10,23,49
6985594,CSSE2010,7,18,13,39,77
6990030,CSSE2010,4,16,15,31,67
6993227,CSSE2010,7,18,13,28,66
6998480,CSSE2010,9,13,15,36,73
6998769,CSSE2010,7,14,19,42,82
7000824,CSSE2010,6,13,12,42,73
7002071,CSSE2010,5,11,12,34,62
7005396,CSSE2010,7,15,17,32,70
7005908,CSSE2010,2,16,3,38,59
7010399,CSSE2010,7,16,16,49,87
7010452,CSSE2010,9,12,16,36,74
7014263,CSSE2010,10,15,10,47,81
7017875,CSSE2010,7,11,13,28,60
7020711,CSSE2010,9,18,19,28,73
7022907,CSSE2010,6,12,14,48,79
7028801,CSSE2010,9,6,8,46,69
7031254,CSSE2010,5,19,12,26,62
7031625,CSSE2010,9,12,6,50,77
7032228,CSSE2010,4,13,16,47,80
7035660,CSSE2010,5,18,19,43,85
7042563,CSSE2010,7,8,12,24,50
7048928,CSSE2010,8,16,18,47,88
7049254,CSSE2010,6,10,17,37,69
7051395,CSSE2010,10,15,19,39,82
7059905,CSSE2010,8,13,10,37,69
7062295,CSSE2010,9,13,19,26,67
7065103,CSSE2010,5,19,9,22,55
7068992,CSSE2010,8,14,12,42,76
7069672,CSSE2010,10,12,20,35,77
7069862,CSSE2010,8,15,19,43,85
7070445,CSSE2010,9,13,9,25,56
7071695,CSSE2010,8,11,9,40,68
7083068,CSSE2010,5,11,18,36,70
7087242,CSSE2010,8,12,20,45,84
7094195,CSSE2010,7,11,19,46,83
7100284,CSSE2010,10,12,20,43,84
7103033,CSSE2010,9,16,19,47,90
7103163,CSSE2010,8,18,18,24,68
7103476,CSSE2010,6,12,8,42,68
7108735,CSSE2010,2,12,14,47,76
7109821,CSSE2010,5,9,18,40,73
7114054,CSSE2010,6,19,16,41,82
7114164,CSSE2010,7,13,17,38,75
7114942,CSSE2010,5,11,11,27,54
7121806,CSSE2010,8,19,11,34,72
7124150,CSSE2010,9,19,10,45,83
7125456,CSSE2010,8,16,12,21,56
7128543,CSSE2010,9,20,14,35,77
7131770,CSSE2010,10,15,15,48,88
7133648,CSSE2010,7,15,20,35,77
7134086,CSSE2010,5,12,17,50,84
7135755,CSSE2010,10,20,16,36,82
7138234,CSSE2010,9,17,17,9,52
7138585,CSSE2010,9,11,9,28,56
7142669,CSSE2010,6,11,17,24,58
7142990,CSSE2010,3,8,11,24,46
7144515,CSSE2010,9,9,18,27,63
7145188,CSSE2010,5,15,13,39,72
7149710,CSSE2010,9,13,12,45,78
7157890,CSSE2010,7,15,18,47,87
7158563,CSSE2010,10,17,11,35,74
7159452,CSSE2010,7,9,20,32,68
7162561,CSSE2010,3,15,7,28,52
7162691,CSSE2010,10,15,18,37,78
7167528,CSSE2010,6,18,11,25,60
7171019,CSSE2010,9,12,18,26,65
7171465,CSSE2010,6,17,9,25,57
7174680,CSSE2010,3,17,12,45,77
7175610,CSSE2010,6,17,19,31,73
7177877,CSSE2010,9,18,17,43,87
7178274,CSSE2010,10,12,10,41,73
7180950,CSSE2010,9,14,13,21,56
7181081,CSSE2010,7,9,17,49,81
7181717,CSSE2010,5,17,14,34,71
7183042,CSSE2010,10,18,13,37,78
7183980,CSSE2010,7,14,19,22,61
7186584,CSSE2010,8,12,11,43,74
7194174,CSSE2010,4,18,19,40,82
7197811,CSSE2010,10,17,11,28,66
7203626,CSSE2010,7,12,17,39,75
7204561,CSSE2010,5,7,19,17,47
7205505,CSSE2010,7,20,17,40,83
7206590,CSSE2010,6,13,7,20,45
7212831,CSSE2010,5,17,14,34,70
7217959,CSSE2010,5,16,17,43,80
7223492,CSSE2010,6,18,8,37,69
7228689,CSSE2010,9,18,17,46,91
7231095,CSSE2010,4,7,10,35,55
7237897,CSSE2010,4,6,6,38,54
7240995,CSSE2010,10,15,19,36,80
7241230,CSSE2010,7,14,16,37,74
7243861,CSSE2010,7,18,9,42,75
7254886,CSSE2010,9,8,15,41,73
7256093,CSSE2010,9,19,19,48,94
7258571,CSSE2010,5,13,19,35,72
7270078,CSSE2010,8,10,20,28,66
7275532,CSSE2010,7,11,17,45,79
7283204,CSSE2010,7,7,17,38,68
7292338,CSSE2010,7,12,13,49,80
7293389,CSSE2010,6,12,12,28,58
7308598,CSSE2010,7,15,10,48,79
7310269,CSSE2010,7,17,13,41,77
7314015,CSSE2010,9,12,11,37,69
7315199,CSSE2010,8,11,15,40,73
7319391,CSSE2010,7,6,17,30,60
7322261,CSSE2010,10,18,16,20,64
7323912,CSSE2010,9,14,7,24,53
7327983,CSSE2010,8,15,18,45,85
7328136,CSSE2010,6,18,13,42,79
7335346,CSSE2010,7,20,18,46,90
7340850,CSSE2010,6,18,12,34,70
7341359,CSSE2010,7,11,18,31,67
7342457,CSSE2010,9,13,18,47,86
7343313,CSSE2010,7,19,17,35,78
7345055,CSSE2010,5,18,8,34,64
7348059,CSSE2010,7,16,15,39,77
7350030,CSSE2010,9,20,17,24,70
7356656,CSSE2010,7,13,20,42,82
7357967,CSSE2010,10,18,16,36,80
7360167,CSSE2010,7,6,12,48,73
7361961,CSSE2010,10,15,19,42,86
7362164,CSSE2010,8,12,16,47,83
7362404,CSSE2010,6,12,12,31,60
7366032,CSSE2010,8,13,11,50,81
7366321,CSSE2010,8,14,13,41,75
7366673,CSSE2010,8,12,8,44,73
7368756,CSSE2010,9,17,17,44,87
7373464,CSSE2010,6,11,16,34,66
7375971,CSSE2010,7,16,12,46,81
7377160,CSSE2010,8,14,16,22,59
7387187,CSSE2010,6,20,16,33,74
7387222,CSSE2010,5,10,14,37,65
7389435,CSSE2010,6,6,6,17,36
7389824,CSSE2010,10,11,18,25,64
7393683,CSSE2010,6,11,11,36,64
7394744,CSSE2010,5,20,6,45,75
7395346,CSSE2010,10,14,17,46,86
7399345,CSSE2010,3,16,9,38,65
7402267,CSSE2010,4,11,12,46,72
7405490,CSSE2010,9,15,11,40,74
7405605,CSSE2010,4,9,13,38,64
7407127,CSSE2010,5,17,13,37,73
7409174,CSSE2010,8,10,14,33,65
7413909,CSSE2010,7,19,15,47,88
7415194,CSSE2010,6,9,16,31,62
7415626,CSSE2010,4,15,13,28,60
7419621,CSSE2010,9,7,9,49,74
7421074,CSSE2010,10,20,17,32,79
7421164,CSSE2010,10,16,18,25,69
7422534,CSSE2010,4,7,15,45,72
7422958,CSSE2010,6,15,11,25,56
7424604,CSSE2010,5,13,18,34,70
7427776,CSSE2010,5,20,17,28,69
7431284,CSSE2010,6,8,16,18,49
7432071,CSSE2010,6,16,19,50,91
7434137,CSSE2010,9,17,14,45,85
7434569,CSSE2010,9,15,11,50,85
7444928,CSSE2010,6,10,19,29,64
7445122,CSSE2010,7,12,15,41,76
7447212,CSSE2010,7,17,17,32,72
7450599,CSSE2010,6,9,12,41,68
7452286,CSSE2010,9,14,11,30,65
7453035,CSSE2010,4,19,9,40,72
7453871,CSSE2010,5,13,20,46,84
7456804,CSSE2010,6,11,17,39,73
7457989,CSSE2010,7,13,9,42,70
7459673,CSSE2010,5,16,12,43,76
7462485,CSSE2010,10,17,12,35,73
7464368,CSSE2010,9,18,17,35,78
7475177,CSSE2010,6,12,11,35,64
7481151,CSSE2010,4,10,8,29,51
7483300,CSSE2010,10,18,17,24,69
7498867,CSSE2010,9,16,10,48,82
7500078,CSSE2010,7,9,18,34,69
7500206,CSSE2010,5,17,15,38,76
7503098,CSSE2010,7,13,16,29,65
7504330,CSSE2010,6,14,13,43,76
7505205,CSSE2010,6,16,15,49,85
7507416,CSSE2010,7,18,18,23,66
7513562,CSSE2010,9,20,18,47,94
7514528,CSSE2010,7,17,10,30,64
7516255,CSSE2010,7,14,10,50,81
7518026,CSSE2010,9,10,11,38,68
7518116,CSSE2010,9,13,19,19,60
7520324,CSSE2010,5,6,11,21,43
7522286,CSSE2010,9,11,18,32,70
7523890,CSSE2010,5,13,16,47,81
7526282,CSSE2010,4,16,9,37,67
7527025,CSSE2010,7,14,19,43,83
7530396,CSSE2010,9,8,16,21,54
7530459,CSSE2010,7,6,15,36,63
7532048,CSSE2010,9,19,17,26,71
7535948,CSSE2010,8,20,16,35,78
7536923,CSSE2010,5,16,18,40,79
7538064,CSSE2010,7,15,19,17,58
7539325,CSSE2010,8,17,15,22,60
7545760,CSSE2010,6,10,16,50,81
7547650,CSSE2010,8,18,19,28,73
7548738,CSSE2010,7,10,20,18,54
7548970,CSSE2010,4,19,5,40,68
7549246,CSSE2010,7,7,17,32,64
7554212,CSSE2010,5,13,17,34,69
7557025,CSSE2010,8,12,15,42,77
7561834,CSSE2010,3,19,16,27,65
7569658,CSSE2010,9,18,14,37,77
7571880,CSSE2010,5,12,17,28,62
7572854,CSSE2010,4,13,13,23,53
7574236,CSSE2010,7,12,17,45,80
7577220,CSSE2010,4,12,17,17,50
7582962,CSSE2010,8,14,20,21,63
7584632,CSSE2010,5,15,18,49,87
7584908,CSSE2010,4,14,17,50,85
7593248,CSSE2010,9,15,12,40,76
7595020,CSSE2010,6,19,13,47,85
7596200,CSSE2010,8,10,15,50,83
7599831,CSSE2010,10,9,10,39,67
7605539,CSSE2010,8,15,20,47,89
7606038,CSSE2010,4,11,20,38,71
7607922,CSSE2010,9,12,10,28,59
7608999,CSSE2010,10,20,16,31,76
7612924,CSSE2010,9,13,20,44,86
7613509,CSSE2010,10,15,13,32,69
7613940,CSSE2010,10,15,17,47,89
7618617,CSSE2010,4,9,9,21,44
7619118,CSSE2010,9,11,20,23,63
7620212,CSSE2010,7,8,14,18,46
7622239,CSSE2010,7,18,17,43,85
7625004,CSSE2010,7,19,16,32,73
7626544,CSSE2010,7,12,10,35,63
7628318,CSSE2010,9,18,9,49,85
7630805,CSSE2010,10,18,18,40,86
7641016,CSSE2010,5,17,14,40,76
7644443,CSSE2010,10,19,20,41,89
7645705,CSSE2010,7,12,11,28,57
7654384,CSSE2010,7,12,4,46,69
7656213,CSSE2010,5,8,16,16,44
7658840,CSSE2010,8,15,9,38,71
7661328,CSSE2010,7,14,20,24,65
7663026,CSSE2010,6,10,12,43,71
7664661,CSSE2010,8,19,19,25,71
7665925,CSSE2010,10,14,20,36,79
7666974,CSSE2010,6,11,13,50,79
7695426,CSSE2010,10,10,5,46,70
7697446,CSSE2010,4,8,17,46,75
7697723,CSSE2010,10,20,12,31,72
7700395,CSSE2010,7,11,11,25,54
7702742,CSSE2010,8,9,16,47,79
7704600,CSSE2010,7,14,10,50,81
7706411,CSSE2010,9,13,17,49,88
7708722,CSSE2010,6,14,16,27,63
7713549,CSSE2010,7,18,19,47,90
7714781,CSSE2010,8,18,16,32,73
7716212,CSSE2010,4,19,16,38,77
7721788,CSSE2010,5,19,13,31,68
7732144,CSSE2010,10,19,19,37,84
7732877,CSSE2010,10,18,15,48,90
7733443,CSSE2010,4,8,11,50,73
7733900,CSSE2010,5,9,10,20,43
7740346,CSSE2010,9,12,16,28,66
7740359,CSSE2010,8,19,13,39,79
7741691,CSSE2010,5,10,11,39,64
7743263,CSSE2010,9,13,19,26,67
7744018,CSSE2010,9,14,13,30,67
7747375,CSSE2010,7,14,18,29,68
7750792,CSSE2010,7,17,11,32,68
7752235,CSSE2010,10,8,14,35,67
7752528,CSSE2010,5,16,10,35,66
7764916,CSSE2010,4,8,18,37,67
7768401,CSSE2010,9,14,13,26,62
7774919,CSSE2010,5,19,16,18,58
7774954,CSSE2010,6,14,12,41,72
7776876,CSSE2010,10,12,19,28,68
7777819,CSSE2010,6,17,7,30,59
7779858,CSSE2010,7,11,13,40,71
7783635,CSSE2010,4,8,16,50,78
7785962,CSSE2010,9,14,17,18,58
7786114,CSSE2010,5,18,18,40,80
7794948,CSSE2010,6,17,17,42,81
7795162,CSSE2010,6,13,20,47,87
7796768,CSSE2010,7,12,11,33,62
7801321,CSSE2010,4,14,15,35,68
7802048,CSSE2010,9,14,11,49,83
7804827,CSSE2010,6,8,17,45,75
7805704,CSSE2010,6,15,18,41,79
7807520,CSSE2010,7,12,12,25,56
7808164,CSSE2010,5,5,18,22,50
7811372,CSSE2010,6,12,17,40,75
7812496,CSSE2010,8,16,13,31,67
7815759,CSSE2010,6,10,19,28,63
7816760,CSSE2010,5,19,8,41,72
7818124,CSSE2010,10,10,17,31,68
7819523,CSSE2010,5,7,10,18,39
7823213,CSSE2010,6,15,19,48,89
7831513,CSSE2010,6,19,18,34,78
7835536,CSSE2010,8,11,13,38,69
7838509,CSSE2010,4,9,16,37,66
7840657,CSSE2010,7,16,13,43,78
7843976,CSSE2010,7,11,15,34,67
7846661,CSSE2010,5,16,18,33,72
7854890,CSSE2010,5,17,8,46,76
7860353,CSSE2010,4,19,17,30,70
7862236,CSSE2010,10,16,18,24,67
7865085,CSSE2010,8,13,12,30,63
7870392,CSSE2010,10,19,16,32,77
7872747,CSSE2010,7,10,13,25,55
7873996,CSSE2010,9,16,18,47,89
7876323,CSSE2010,7,18,19,44,87
7879746,CSSE2010,5,10,15,26,57
7880420,CSSE2010,6,13,17,38,74
7885712,CSSE2010,6,10,16,49,80
7886276,CSSE2010,7,11,11,37,65
7887124,CSSE2010,9,10,16,44,78
7889475,CSSE2010,4,9,13,20,46
7889562,CSSE2010,6,11,10,44,71
7892033,CSSE2010,8,19,18,40,84
7895237,CSSE2010,5,13,13,50,80
7895499,CSSE2010,9,12,15,28,63
7896987,CSSE2010,4,8,9,28,49
7897465,CSSE2010,7,20,18,16,60
7899236,CSSE2010,5,11,17,29,62
7902132,CSSE2010,7,16,16,47,86
7908466,CSSE2010,9,15,15,13,52
7908723,CSSE2010,7,15,20,35,77
7909534,CSSE2010,7,7,14,49,77
7920188,CSSE2010,10,9,18,47,84
7920294,CSSE2010,6,19,17,45,87
7920585,CSSE2010,10,10,16,28,65
7920642,CSSE2010,5,20,15,48,87
7922937,CSSE2010,5,11,8,48,71
7923331,CSSE2010,7,20,16,42,85
7927064,CSSE2010,9,17,12,24,62
7930371,CSSE2010,10,7,16,43,76
7933571,CSSE2010,7,13,11,35,66
7935456,CSSE2010,7,20,8,23,57
7939126,CSSE2010,8,17,18,49,92
7941473,CSSE2010,5,15,7,48,75
7943555,CSSE2010,8,13,10,36,67
7946050,CSSE2010,7,13,10,44,73
7947897,CSSE2010,4,19,10,42,75
7950859,CSSE2010,4,20,6,27,57
7965344,CSSE2010,7,13,16,35,71
7965632,CSSE2010,5,13,12,27,57
7968480,CSSE2010,5,20,11,48,84
7972900,CSSE2010,5,14,13,41,73
7979568,CSSE2010,8,20,16,36,80
7980999,CSSE2010,3,20,11,33,67
7984702,CSSE2010,9,18,19,40,86
7993986,CSSE2010,6,18,18,28,68
7998073,CSSE2010,5,19,15,47,85
7998842,CSSE2010,5,14,18,40,77
8002446,CSSE2010,8,12,14,37,72
8004896,CSSE2010,10,11,15,46,82
8009504,CSSE2010,7,13,17,38,75
8013081,CSSE2010,6,13,14,41,75
8013521,CSSE2010,8,14,20,50,91
8019911,CSSE2010,6,16,13,40,76
8021474,CSSE2010,9,14,12,38,73
8030556,CSSE2010,10,18,15,38,81
8034393,CSSE2010,10,14,13,35,71
8038427,CSSE2010,6,15,16,44,81
8038511,CSSE2010,9,14,16,23,63
8040681,CSSE2010,7,16,12,43,78
8041020,CSSE2010,8,20,13,50,92
8045016,CSSE2010,5,12,16,42,75
8045500,CSSE2010,6,16,15,40,77
8050237,CSSE2010,6,17,16,46,85
8056802,CSSE2010,10,10,14,21,55
8059715,CSSE2010,9,14,11,50,82
8063198,CSSE2010,5,20,14,40,79
8065865,CSSE2010,7,19,13,26,63
8076573,CSSE2010,7,18,20,22,66
8078890,CSSE2010,6,15,13,23,56
8081257,CSSE2010,9,11,11,41,72
8081670,CSSE2010,8,8,12,40,68
8082630,CSSE2010,8,9,15,22,54
8084916,CSSE2010,8,7,9,30,53
8085941,CSSE2010,7,9,10,23,50
8088967,CSSE2010,8,7,12,26,53
8089326,CSSE2010,7,17,17,28,69
8095963,CSSE2010,8,16,9,31,64
8098527,CSSE2010,5,18,13,34,70
8099415,CSSE2010,6,9,11,19,45
8108984,CSSE2010,6,12,18,46,81
8117061,CSSE2010,8,19,16,46,89
8123328,CSSE2010,5,12,7,26,49
8123465,CSSE2010,9,13,15,44,81
8132449,CSSE2010,5,12,12,37,66
8133432,CSSE2010,5,9,12,35,60
8135390,CSSE2010,10,15,12,28,64
8135504,CSSE2010,7,14,20,31,71
8136187,CSSE2010,9,15,12,39,74
8137802,CSSE2010,5,19,14,25,63
8139140,CSSE2010,9,12,16,29,66
8146509,CSSE2010,7,17,15,43,82
8148005,CSSE2010,9,10,8,33,60
8148607,CSSE2010,5,12,12,38,67
8149094,CSSE2010,3,4,19,20,45
8149106,CSSE2010,7,16,14,47,84
8149306,CSSE2010,9,18,10,39,76
8153073,CSSE2010,7,10,7,38,63
8153771,CSSE2010,9,18,15,24,66
8154996,CSSE2010,5,17,18,30,69
8164365,CSSE2010,8,12,19,27,66
8165116,CSSE2010,6,9,7,17,39
8171444,CSSE2010,8,18,16,32,74
8175043,CSSE2010,7,18,13,38,75
8190308,CSSE2010,4,17,7,19,47
8192585,CSSE2010,8,17,18,44,86
8198547,CSSE2010,8,14,9,26,57
8202386,CSSE2010,5,11,13,47,76
8204549,CSSE2010,9,13,14,36,72
8207117,CSSE2010,3,9,14,25,50
8208172,CSSE2010,8,17,13,35,73
8209623,CSSE2010,3,8,13,31,55
8209870,CSSE2010,7,15,8,47,77
8214116,CSSE2010,7,13,16,38,74
8214172,CSSE2010,9,19,19,26,73
8217934,CSSE2010,6,12,11,25,53
8221730,CSSE2010,4,11,16,27,58
8223527,CSSE2010,9,14,14,48,85
8223577,CSSE2010,6,18,20,42,86
8224547,CSSE2010,7,19,18,47,91
8231740,CSSE2010,4,20,19,24,66
8243738,CSSE2010,8,7,15,29,59
8243914,CSSE2010,7,17,20,44,88
8246789,CSSE2010,8,12,18,42,80
8254686,CSSE2010,6,12,17,36,71
8255383,CSSE2010,6,17,15,37,75
8261026,CSSE2010,5,14,11,40,70
8262197,CSSE2010,9,6,5,40,60
8266833,CSSE2010,9,12,10,43,74
8274836,CSSE2010,9,10,18,40,76
8274985,CSSE2010,6,17,5,33,61
8282052,CSSE2010,8,14,10,33,66
8286261,CSSE2010,7,8,19,28,61
8287108,CSSE2010,10,16,8,28,62
8293888,CSSE2010,6,17,17,31,71
8294305,CSSE2010,5,18,13,30,66
8295426,CSSE2010,6,14,16,41,76
8297957,CSSE2010,6,14,7,30,56
8298227,CSSE2010,5,13,13,19,51
8299141,CSSE2010,8,17,16,34,74
8299231,CSSE2010,4,7,15,43,69
8300486,CSSE2010,5,18,19,47,90
8300802,CSSE2010,6,15,18,17,55
8305220,CSSE2010,4,18,9,44,75
8305702,CSSE2010,8,12,13,28,62
8305714,CSSE2010,8,15,10,15,49
8316001,CSSE2010,5,11,15,42,73
8324339,CSSE2010,9,18,7,20,53
8324616,CSSE2010,9,12,12,20,53
8333004,CSSE2010,7,17,16,33,72
8333447,CSSE2010,8,18,14,40,80
8335002,CSSE2010,8,19,13,42,81
8335493,CSSE2010,5,10,19,43,77
8336584,CSSE2010,4,20,9,31,64
8339230,CSSE2010,6,18,12,31,66
8341918,CSSE2010,6,13,17,29,64
8343846,CSSE2010,9,12,14,43,78
8347889,CSSE2010,4,10,12,46,72
8349860,CSSE2010,8,13,9,47,77
8352735,CSSE2010,10,16,18,48,91
8352815,CSSE2010,8,18,6,24,56
8356113,CSSE2010,9,18,19,28,73
8361095,CSSE2010,5,10,19,43,77
8363028,CSSE2010,10,17,17,25,68
8364733,CSSE2010,7,13,12,27,59
8364870,CSSE2010,10,20,17,44,89
8369422,CSSE2010,6,18,15,22,61
8370415,CSSE2010,6,12,17,34,69
8370462,CSSE2010,8,15,19,42,84
8371307,CSSE2010,6,17,13,41,76
8372366,CSSE2010,7,13,18,43,81
8374828,CSSE2010,7,19,17,43,87
8376198,CSSE2010,6,19,9,24,58
8376700,CSSE2010,9,19,9,28,65
8377735,CSSE2010,7,16,18,33,73
8390434,CSSE2010,10,18,11,31,70
8392277,CSSE2010,10,11,9,37,66
8400015,CSSE2010,6,11,16,21,53
8401056,CSSE2010,5,19,11,33,68
8404358,CSSE2010,6,13,18,40,77
8406135,CSSE2010,8,17,11,39,75
8410890,CSSE2010,9,16,20,34,78
8410962,CSSE2010,8,11,14,38,71
8427859,CSSE2010,7,14,20,20,61
8429266,CSSE2010,6,12,14,41,73
8433221,CSSE2010,7,9,11,28,55
8433774,CSSE2010,8,18,10,43,79
8437031,CSSE2010,7,20,15,34,75
8440614,CSSE2010,5,19,17,21,62
8444535,CSSE2010,9,13,17,40,80
8450562,CSSE2010,9,14,18,28,69
8451120,CSSE2010,10,18,9,41,78
8451142,CSSE2010,3,11,15,12,41
8452968,CSSE2010,4,8,18,10,40
8455878,CSSE2010,8,19,12,33,72
8456670,CSSE2010,7,15,9,40,71
8462815,CSSE2010,3,6,19,44,72
8467302,CSSE2010,8,18,14,36,77
8470488,CSSE2010,8,15,13,31,66
8475279,CSSE2010,8,12,15,41,76
8475997,CSSE2010,5,18,9,34,65
8476078,CSSE2010,9,14,14,38,75
8483165,CSSE2010,5,18,16,33,72
8485582,CSSE2010,3,15,5,28,51
8493911,CSSE2010,6,20,17,41,84
8497986,CSSE2010,10,11,19,37,77
8498561,CSSE2010,8,9,16,42,74
8504970,CSSE2010,4,10,12,19,45
8505229,CSSE2010,6,14,8,17,46
8507194,CSSE2010,8,10,17,38,73
8511043,CSSE2010,6,16,10,25,56
8511930,CSSE2010,9,6,19,36,69
8513832,CSSE2010,6,15,17,28,65
8516230,CSSE2010,6,17,19,48,90
8516417,CSSE2010,7,13,15,27,61
8521007,CSSE2010,6,12,17,49,83
8522921,CSSE2010,6,11,17,47,80
8526188,CSSE2010,9,12,20,45,86
8534505,CSSE2010,6,16,17,39,78
8536232,CSSE2010,8,9,15,49,81
8541466,CSSE2010,9,15,15,45,84
8549430,CSSE2010,8,5,19,14,47
8552339,CSSE2010,8,13,12,42,75
8552530,CSSE2010,6,11,16,30,62
8554404,CSSE2010,7,19,12,28,66
8556129,CSSE2010,9,6,10,10,35
8560554,CSSE2010,9,18,20,49,96
8561404,CSSE2010,5,16,16,42,80
8562584,CSSE2010,7,11,15,50,83
8569159,CSSE2010,8,15,14,27,63
8569205,CSSE2010,10,14,19,45,88
8574030,CSSE2010,7,9,10,26,52
8578615,CSSE2010,6,13,16,47,82
8579345,CSSE2010,7,11,16,33,67
8580501,CSSE2010,4,19,18,23,64
8585770,CSSE2010,4,13,16,26,59
8593655,CSSE2010,9,8,19,50,86
8594031,CSSE2010,10,17,13,22,62
8594563,CSSE2010,9,12,14,26,60
8597292,CSSE2010,4,8,9,37,58
8605072,CSSE2010,7,20,12,35,73
8606893,CSSE2010,8,20,19,41,87
8608090,CSSE2010,6,15,20,31,71
8608796,CSSE2010,7,15,15,32,68
8608882,CSSE2010,9,17,13,36,75
8609283,CSSE2010,8,12,15,46,81
8611667,CSSE2010,5,14,11,36,66
8611838,CSSE2010,8,14,15,48,85
8612694,CSSE2010,10,15,17,33,74
8615991,CSSE2010,4,10,19,43,75
8618683,CSSE2010,8,19,15,49,91
8627291,CSSE2010,7,10,17,34,68
8631983,CSSE2010,7,14,19,33,73
8632822,CSSE2010,10,17,17,38,81
8637691,CSSE2010,9,8,16,37,70
8642343,CSSE2010,10,12,10,24,55
8644182,CSSE2010,6,7,8,36,56
8647700,CSSE2010,5,12,14,19,49
8647839,CSSE2010,6,11,19,42,78
8650045,CSSE2010,9,18,19,44,90
8651384,CSSE2010,6,17,10,38,71
8657452,CSSE2010,8,14,13,49,84
8658245,CSSE2010,6,14,20,49,89
8662712,CSSE2010,8,14,16,27,65
8664722,CSSE2010,9,19,16,48,91
8665273,CSSE2010,4,19,9,42,74
8668351,CSSE2010,7,15,8,32,62
8668956,CSSE2010,8,15,12,37,72
8669848,CSSE2010,9,8,16,48,81
8677185,CSSE2010,6,19,14,17,56
8680795,CSSE2010,8,15,16,40,79
8686078,CSSE2010,9,17,17,45,87
8690401,CSSE2010,10,20,8,35,72
8696171,CSSE2010,8,14,19,46,87
8696968,CSSE2010,7,15,19,38,79
8698503,CSSE2010,5,16,9,27,58
8698898,CSSE2010,7,14,19,44,84
8701979,CSSE2010,7,20,14,28,69
8702762,CSSE2010,7,17,12,46,81
8703004,CSSE2010,6,18,10,34,68
8704625,CSSE2010,5,16,15,47,83
8705230,CSSE2010,3,17,15,38,72
8709168,CSSE2010,6,7,16,23,51
8711410,CSSE2010,4,16,18,28,66
8711535,CSSE2010,7,8,20,24,58
8712037,CSSE2010,10,13,9,34,65
8712808,CSSE2010,10,5,5,42,62
8719227,CSSE2010,9,15,13,50,87
8721043,CSSE2010,6,17,18,41,82
8723632,CSSE2010,9,20,16,21,65
8728692,CSSE2010,10,14,17,38,79
8731495,CSSE2010,6,19,10,36,71
8731813,CSSE2010,8,8,12,32,60
8733821,CSSE2010,9,19,15,32,75
8734082,CSSE2010,10,14,16,32,72
8734140,CSSE2010,8,8,15,29,60
8736161,CSSE2010,8,19,10,25,62
8736768,CSSE2010,3,11,8,22,43
8748746,CSSE2010,4,7,15,26,52
8751252,CSSE2010,10,16,8,28,62
8752416,CSSE2010,7,16,17,43,82
8752825,CSSE2010,7,16,17,31,70
8753628,CSSE2010,5,13,17,49,84
8762934,CSSE2010,8,16,14,46,83
8767448,CSSE2010,8,16,12,28,64
8768968,CSSE2010,9,13,12,19,53
8769770,CSSE2010,6,18,19,28,71
8770877,CSSE2010,7,18,20,50,94
8773321,CSSE2010,5,19,10,41,75
8776409,CSSE2010,7,10,14,37,68
8787752,CSSE2010,8,15,13,26,62
8788843,CSSE2010,8,14,19,32,72
8789550,CSSE2010,7,10,19,39,75
8795022,CSSE2010,6,16,13,23,57
8801658,CSSE2010,10,6,7,31,53
8801862,CSSE2010,10,11,10,28,60
8804966,CSSE2010,4,17,9,21,51
8810371,CSSE2010,4,7,7,26,43
8813222,CSSE2010,3,9,19,20,51
8815476,CSSE2010,10,15,7,34,66
8816647,CSSE2010,6,14,13,32,65
8816757,CSSE2010,10,17,20,24,70
8820615,CSSE2010,8,20,16,29,73
8823796,CSSE2010,9,18,11,44,81
8825409,CSSE2010,4,12,20,24,59
8827315,CSSE2010,10,9,19,50,87
8827901,CSSE2010,5,10,14,42,71
8830124,CSSE2010,6,14,20,41,81
8830878,CSSE2010,6,13,7,23,48
8831642,CSSE2010,9,5,17,36,66
8832577,CSSE2010,6,18,15,27,66
8839020,CSSE2010,5,14,11,40,70
8845556,CSSE2010,5,9,19,16,49
8850501,CSSE2010,5,16,14,35,70
8850536,CSSE2010,9,16,10,17,52
8851426,CSSE2010,10,15,14,39,78
8852600,CSSE2010,6,16,13,48,82
8852812,CSSE2010,10,13,20,49,91
8853043,CSSE2010,9,18,19,28,74
8860333,CSSE2010,8,14,11,41,74
8862627,CSSE2010,7,17,8,31,63
8862990,CSSE2010,5,10,15,49,79
8865969,CSSE2010,5,20,9,36,70
8869697,CSSE2010,8,14,14,32,68
8869932,CSSE2010,6,6,7,23,42
8870681,CSSE2010,10,17,9,38,74
8871654,CSSE2010,5,16,10,35,66
8873514,CSSE2010,7,13,16,34,69
8874083,CSSE2010,7,9,8,48,72
8877048,CSSE2010,6,14,16,45,81
8880087,CSSE2010,9,9,19,14,51
8880264,CSSE2010,6,9,14,39,67
8882077,CSSE2010,8,8,19,36,71
8885797,CSSE2010,8,8,13,21,50
8897169,CSSE2010,8,14,13,37,71
8899942,CSSE2010,10,15,10,46,80
8900308,CSSE2010,9,11,12,37,70
8902679,CSSE2010,7,15,20,27,68
8906171,CSSE2010,8,19,11,46,84
8906604,CSSE2010,6,16,11,37,70
8910304,CSSE2010,9,7,9,45,69
8919770,CSSE2010,4,8,8,24,43
8921066,CSSE2010,9,10,15,44,77
8928841,CSSE2010,5,13,7,33,57
8934063,CSSE2010,9,15,10,43,77
8940203,CSSE2010,9,19,13,47,87
8943735,CSSE2010,7,17,17,49,91
8947346,CSSE2010,9,18,12,26,65
8953149,CSSE2010,8,15,7,26,55
8955123,CSSE2010,8,15,7,45,75
8958602,CSSE2010,9,17,11,20,57
8960318,CSSE2010,8,5,12,47,72
8961036,CSSE2010,7,15,8,14,44
8965211,CSSE2010,5,13,14,41,72
8968681,CSSE2010,10,17,17,30,73
8973446,CSSE2010,9,16,18,39,82
8977241,CSSE2010,6,11,17,41,75
8980961,CSSE2010,4,10,16,32,63
8981801,CSSE2010,7,6,5,16,34
8986514,CSSE2010,6,16,19,6,46
8986624,CSSE2010,8,9,9,16,42
8991665,CSSE2010,7,20,18,48,92
8991957,CSSE2010,7,20,14,32,72
8992074,CSSE2010,8,11,12,39,70
8993023,CSSE2010,4,8,9,46,68
9001969,CSSE2010,10,11,9,36,66
9003931,CSSE2010,5,9,20,41,75
9006539,CSSE2010,4,18,14,32,67
9007283,CSSE2010,5,8,10,23,46
9007581,CSSE2010,8,11,9,27,55
9008382,CSSE2010,6,19,20,32,76
9011572,CSSE2010,7,14,11,49,80
9013672,CSSE2010,8,13,15,38,74
9015571,CSSE2010,9,15,13,27,64
9022603,CSSE2010,3,16,4,44,67
9024242,CSSE2010,10,8,17,45,80
9024778,CSSE2010,8,13,12,30,63
9029600,CSSE2010,5,14,20,43,82
9032332,CSSE2010,2,6,6,35,49
9039644,CSSE2010,3,8,12,18,41
9042386,CSSE2010,7,7,17,40,71
9043934,CSSE2010,7,12,16,31,66
9045122,CSSE2010,7,14,12,42,75
9052296,CSSE2010,10,10,13,26,58
9053818,CSSE2010,7,18,10,30,64
9058875,CSSE2010,6,13,20,40,78
9060468,CSSE2010,9,19,16,47,90
9061852,CSSE2010,10,13,8,27,58
9061912,CSSE2010,9,10,12,40,71
9063003,CSSE2010,6,19,12,22,59
9068866,CSSE2010,4,13,14,46,77
9072649,CSSE2010,3,13,9,30,55
9078671,CSSE2010,8,14,19,32,73
9079684,CSSE2010,8,9,9,31,58
9080419,CSSE2010,8,19,14,30,71
9080512,CSSE2010,9,15,19,50,93
9084644,CSSE2010,8,18,15,44,85
9087308,CSSE2010,8,19,15,41,83
9089440,CSSE2010,8,20,13,24,64
9091844,CSSE2010,8,18,7,13,46
9092030,CSSE2010,5,8,11,32,56
9094726,CSSE2010,7,17,16,28,67
9096330,CSSE2010,8,8,17,44,76
9102157,CSSE2010,6,14,17,29,66
9103026,CSSE2010,7,11,11,46,76
9116117,CSSE2010,4,8,18,16,46
9116795,CSSE2010,10,10,20,28,68
9120900,CSSE2010,6,16,15,38,74
9128803,CSSE2010,6,20,11,29,67
9130313,CSSE2010,6,17,10,39,72
9130683,CSSE2010,5,12,13,28,58
9131237,CSSE2010,10,9,7,31,57
9133753,CSSE2010,9,14,19,22,64
9135379,CSSE2010,5,17,12,27,61
9142238,CSSE2010,8,19,8,20,54
9144785,CSSE2010,9,10,16,42,76
9145777,CSSE2010,10,12,20,26,67
9150776,CSSE2010,5,19,17,45,86
9153342,CSSE2010,7,10,12,24,53
9158082,CSSE2010,10,14,17,28,69
9158293,CSSE2010,7,16,13,48,84
9159432,CSSE2010,6,8,10,17,41
9161633,CSSE2010,5,15,12,46,78
9164077,CSSE2010,8,18,19,45,89
9164895,CSSE2010,5,7,15,31,58
9165922,CSSE2010,7,19,16,46,87
9167639,CSSE2010,4,10,11,28,52
9170001,CSSE2010,8,12,13,45,78
9175713,CSSE2010,8,8,13,18,47
9180790,CSSE2010,5,16,18,28,68
9181988,CSSE2010,7,18,11,39,75
9184267,CSSE2010,9,14,10,45,77
9185234,CSSE2010,10,16,19,32,77
9185834,CSSE2010,10,14,9,43,76
9192933,CSSE2010,6,14,8,41,69
9193346,CSSE2010,7,12,19,35,72
9196972,CSSE2010,9,16,13,21,60
9199027,CSSE2010,5,19,14,22,59
9199653,CSSE2010,3,15,18,33,69
9199884,CSSE2010,7,8,7,26,47
9200771,CSSE2010,10,15,11,47,82
9203869,CSSE2010,9,11,20,47,86
9204291,CSSE2010,6,10,10,40,66
9205104,CSSE2010,5,17,12,22,55
9214375,CSSE2010,6,19,16,38,79
9216266,CSSE2010,4,5,13,32,54
9217370,CSSE2010,9,20,19,28,75
9223934,CSSE2010,7,20,13,19,58
9225470,CSSE2010,8,9,10,35,61
9225525,CSSE2010,7,18,18,45,89
9227556,CSSE2010,8,14,17,28,67
9230284,CSSE2010,6,20,18,41,85
9231695,CSSE2010,9,12,17,43,81
9232956,CSSE2010,9,19,16,40,85
9236509,CSSE2010,8,16,15,48,88
9237377,CSSE2010,9,13,18,38,78
9243882,CSSE2010,10,10,17,22,59
9248625,CSSE2010,7,11,9,37,64
9267577,CSSE2010,8,10,5,23,45
9275340,CSSE2010,9,18,16,29,71
9275807,CSSE2010,8,15,20,38,81
9278606,CSSE2010,7,8,18,21,54
9285072,CSSE2010,5,7,16,35,62
9286295,CSSE2010,7,19,20,43,89
9292033,CSSE2010,8,16,20,23,67
9292668,CSSE2010,5,17,19,40,81
9292959,CSSE2010,4,14,14,45,77
9303840,CSSE2010,7,19,15,50,91
9306112,CSSE2010,6,13,9,21,49
9311488,CSSE2010,4,16,14,32,65
9312199,CSSE2010,8,15,8,39,70
9314306,CSSE2010,6,16,15,46,82
9315619,CSSE2010,9,9,18,33,69
9319953,CSSE2010,6,17,9,47,79
9324823,CSSE2010,4,17,12,24,56
9326153,CSSE2010,7,16,19,41,82
9328414,CSSE2010,9,19,17,40,84
9328811,CSSE2010,9,16,12,46,83
9330457,CSSE2010,4,9,16,35,63
9335752,CSSE2010,8,11,12,46,76
9336099,CSSE2010,10,9,6,6,30
9336553,CSSE2010,6,9,16,42,73
9344743,CSSE2010,6,13,7,28,53
9345193,CSSE2010,6,15,16,45,82
9345433,CSSE2010,9,16,19,19,62
9346006,CSSE2010,4,15,18,40,77
9348136,CSSE2010,3,13,16,28,59
9352304,CSSE2010,8,11,19,37,74
9360610,CSSE2010,9,20,10,50,88
9372624,CSSE2010,7,12,20,42,81
9376998,CSSE2010,7,8,8,28,52
9384394,CSSE2010,4,18,4,39,64
9386091,CSSE2010,10,14,13,20,57
9387101,CSSE2010,7,20,9,31,67
9387365,CSSE2010,5,15,15,30,66
9391136,CSSE2010,6,14,14,47,81
9391694,CSSE2010,7,17,12,28,63
9394929,CSSE2010,6,20,14,26,66
9395488,CSSE2010,8,15,16,49,87
9397315,CSSE2010,8,6,20,22,55
9398648,CSSE2010,6,17,19,34,76
9400525,CSSE2010,8,13,16,41,77
9400530,CSSE2010,8,13,15,49,85
9402268,CSSE2010,6,9,11,17,44
9403435,CSSE2010,7,15,16,37,74
9403821,CSSE2010,4,15,16,42,77
9404333,CSSE2010,9,17,19,31,75
9404628,CSSE2010,4,18,16,17,55
9405214,CSSE2010,6,19,4,9,38
9407558,CSSE2010,5,11,13,34,62
9410216,CSSE2010,8,18,7,44,78
9410281,CSSE2010,10,7,18,25,59
9414205,CSSE2010,9,17,15,50,91
9417755,CSSE2010,8,13,16,28,65
9419278,CSSE2010,8,9,13,48,77
9425403,CSSE2010,5,12,18,39,73
9428178,CSSE2010,7,18,12,35,72
9430207,CSSE2010,6,16,18,22,61
9431231,CSSE2010,5,9,20,46,79
9431470,CSSE2010,9,18,13,30,70
9432764,CSSE2010,4,15,15,43,77
9433542,CSSE2010,10,19,13,46,88
9433588,CSSE2010,6,18,9,41,74
9436848,CSSE2010,10,20,14,33,77
9437512,CSSE2010,5,15,16,20,57
9437909,CSSE2010,5,20,12,37,74
9447074,CSSE2010,8,17,17,27,70
9449711,CSSE2010,6,12,19,33,70
9451572,CSSE2010,7,11,9,49,76
9456852,CSSE2010,5,16,14,41,76
9459202,CSSE2010,7,13,20,10,50
9460658,CSSE2010,9,12,12,30,63
9462664,CSSE2010,3,14,7,17,42
9463837,CSSE2010,7,17,13,31,68
9468047,CSSE2010,6,19,15,19,60
9470583,CSSE2010,10,19,16,36,80
9474210,CSSE2010,8,17,18,50,92
9474370,CSSE2010,8,15,14,42,78
9474829,CSSE2010,5,6,15,31,57
9476209,CSSE2010,8,11,17,30,66
9480058,CSSE2010,10,12,17,44,83
9483058,CSSE2010,10,16,20,50,95
9488721,CSSE2010,5,10,14,50,79
9495177,CSSE2010,5,14,18,18,54
9500280,CSSE2010,3,10,9,35,57
9505759,CSSE2010,10,9,18,35,72
9508260,CSSE2010,6,8,8,32,54
9510860,CSSE2010,4,7,20,36,67
9511006,CSSE2010,7,14,12,34,67
9513500,CSSE2010,3,15,18,37,74
9521279,CSSE2010,8,17,19,50,94
9521514,CSSE2010,9,12,18,40,78
9524862,CSSE2010,7,20,12,31,70
9527962,CSSE2010,9,12,15,47,83
9529226,CSSE2010,8,20,14,43,85
9535229,CSSE2010,8,6,18,47,79
9535626,CSSE2010,8,19,16,33,75
9536259,CSSE2010,9,18,19,50,96
9537337,CSSE2010,8,17,20,38,82
9538480,CSSE2010,6,6,14,23,49
9538855,CSSE2010,6,14,9,29,58
9539247,CSSE2010,4,10,8,33,55
9543311,CSSE2010,8,15,13,22,57
9544638,CSSE2010,7,10,20,29,66
9546976,CSSE2010,5,17,16,27,65
9547436,CSSE2010,6,10,13,32,61
9548434,CSSE2010,5,14,13,26,58
9548530,CSSE2010,6,15,10,38,68
9549879,CSSE2010,6,17,14,37,73
9550473,CSSE2010,10,13,10,32,64
9551461,CSSE2010,8,13,7,39,67
9551597,CSSE2010,8,20,9,25,61
9560625,CSSE2010,8,13,10,49,81
9560849,CSSE2010,8,10,19,33,70
9563064,CSSE2010,4,4,12,23,44
9563559,CSSE2010,9,19,9,41,78
9568274,CSSE2010,6,11,13,29,59
9572336,CSSE2010,4,17,9,15,45
9573980,CSSE2010,9,15,13,45,82
9574618,CSSE2010,10,11,10,43,74
9576782,CSSE2010,9,20,18,32,78
9583534,CSSE2010,8,19,15,41,82
9583908,CSSE2010,10,9,11,47,76
9585391,CSSE2010,3,15,9,17,44
9585634,CSSE2010,7,9,16,50,81
9592743,CSSE2010,10,19,15,31,75
9597454,CSSE2010,10,13,19,37,79
9599640,CSSE2010,8,10,18,44,80
9603243,CSSE2010,6,14,8,36,64
9604703,CSSE2010,8,11,15,33,67
9609232,CSSE2010,5,9,11,39,63
9609828,CSSE2010,10,17,13,40,80
9615741,CSSE2010,5,19,17,25,66
9624446,CSSE2010,7,18,14,41,80
9629643,CSSE2010,8,13,14,34,69
9631501,CSSE2010,8,18,15,33,74
9634725,CSSE2010,9,15,19,49,92
9635389,CSSE2010,8,15,17,32,71
9638709,CSSE2010,8,11,20,28,67
9639236,CSSE2010,7,19,13,35,74
9641927,CSSE2010,10,14,18,29,71
9646348,CSSE2010,8,17,16,43,85
9648614,CSSE2010,6,16,10,41,72
9651884,CSSE2010,7,15,9,46,77
9656904,CSSE2010,10,19,15,33,77
9658679,CSSE2010,6,14,14,50,84
9659463,CSSE2010,7,15,5,28,55
9660267,CSSE2010,7,11,10,28,56
9662853,CSSE2010,6,15,17,46,84
9673330,CSSE2010,9,10,6,22,47
9675654,CSSE2010,9,18,10,40,77
9676500,CSSE2010,5,9,10,36,61
9681816,CSSE2010,5,12,18,21,56
9685355,CSSE2010,7,12,10,37,66
9691280,CSSE2010,6,16,20,39,80
9693561,CSSE2010,7,20,11,39,77
9695740,CSSE2010,6,18,16,27,67
9699412,CSSE2010,10,13,12,42,77
9701281,CSSE2010,10,19,5,15,50
9704876,CSSE2010,7,16,19,50,93
9709417,CSSE2010,6,20,13,30,68
9712789,CSSE2010,3,18,14,45,80
9713250,CSSE2010,3,3,5,34,45
9715289,CSSE2010,8,12,16,34,70
9717180,CSSE2010,10,18,9,20,57
9718493,CSSE2010,9,12,16,44,81
9718549,CSSE2010,7,20,17,22,66
9722595,CSSE2010,7,12,17,33,69
9727188,CSSE2010,5,12,20,43,79
9729451,CSSE2010,4,9,14,46,73
9730397,CSSE2010,10,17,19,44,89
9730652,CSSE2010,6,18,9,32,66
9731826,CSSE2010,5,17,15,38,74
9734410,CSSE2010,3,7,11,26,47
9735231,CSSE2010,7,8,11,50,76
9741193,CSSE2010,8,8,19,34,68
9745456,CSSE2010,5,12,12,36,65
9747989,CSSE2010,8,4,16,19,46
9754830,CSSE2010,7,16,12,32,66
9762143,CSSE2010,6,17,18,35,75
9762468,CSSE2010,8,15,18,25,65
9766503,CSSE2010,10,11,14,29,64
9771885,CSSE2010,8,15,17,39,80
9776419,CSSE2010,7,16,13,32,67
9778868,CSSE2010,7,15,10,49,81
9780317,CSSE2010,9,12,20,44,84
9781438,CSSE2010,10,15,18,50,92
9792509,CSSE2010,5,17,17,45,84
9793741,CSSE2010,3,19,10,18,50
9799437,CSSE2010,10,17,14,25,65
9810845,CSSE2010,9,19,15,40,83
9811652,CSSE2010,6,9,19,33,67
9813322,CSSE2010,4,6,20,21,51
9824850,CSSE2010,8,20,19,25,72
9825236,CSSE2010,8,20,16,40,84
9834058,CSSE2010,6,17,16,26,65
9835371,CSSE2010,8,6,18,45,77
9836857,CSSE2010,6,19,10,28,62
9838778,CSSE2010,9,15,18,50,92
9842194,CSSE2010,4,17,12,36,68
9842920,CSSE2010,3,9,15,18,45
9844361,CSSE2010,4,6,10,16,36
9844849,CSSE2010,6,10,12,30,57
9849100,CSSE2010,7,20,9,35,71
9851423,CSSE2010,7,14,12,43,76
9852261,CSSE2010,6,19,12,21,57
9855577,CSSE2010,10,19,18,38,84
9858511,CSSE2010,10,12,17,37,75
9861640,CSSE2010,8,13,18,29,68
9863214,CSSE2010,4,10,14,35,63
9864298,CSSE2010,8,14,17,44,82
9864704,CSSE2010,9,19,11,37,76
9866475,CSSE2010,8,10,20,32,70
9868587,CSSE2010,10,10,19,40,78
9870747,CSSE2010,7,18,19,42,86
9874049,CSSE2010,9,10,16,32,67
9876293,CSSE2010,9,11,16,30,67
9878197,CSSE2010,5,12,10,39,67
9880751,CSSE2010,7,18,8,36,69
9883410,CSSE2010,7,15,11,45,79
9889065,CSSE2010,9,18,14,32,72
9892975,CSSE2010,4,8,19,30,62
9899652,CSSE2010,6,12,18,31,67
9901049,CSSE2010,9,19,15,47,90
9905030,CSSE2010,9,13,17,46,84
9909518,CSSE2010,3,9,10,44,66
9910672,CSSE2010,7,13,13,41,73
9911324,CSSE2010,7,11,10,37,65
9918046,CSSE2010,7,11,15,34,68
9919606,CSSE2010,9,12,15,30,66
9920167,CSSE2010,9,15,17,34,74
9920811,CSSE2010,8,7,16,49,80
9921761,CSSE2010,5,12,20,39,75
9925808,CSSE2010,4,18,18,27,66
9930837,CSSE2010,9,12,13,49,83
9935928,CSSE2010,6,15,20,33,75
9936906,CSSE2010,9,20,11,43,83
9937539,CSSE2010,10,18,12,27,67
9938681,CSSE2010,4,18,13,30,66
9939020,CSSE2010,5,15,13,35,68
9940837,CSSE2010,6,11,15,44,75
9951185,CSSE2010,7,10,15,45,78
9952989,CSSE2010,6,12,17,42,77
9953067,CSSE2010,8,13,15,44,80
9958281,CSSE2010,9,19,10,42,79
9958379,CSSE2010,7,8,18,41,73
9958432,CSSE2010,9,16,10,34,69
9959772,CSSE2010,5,12,14,42,72
9960076,CSSE2010,5,17,10,39,70
9963620,CSSE2010,9,8,9,35,61
9963898,CSSE2010,9,14,18,24,64
9973674,CSSE2010,7,9,11,42,69
9973708,CSSE2010,8,13,18,37,77
9976741,CSSE2010,8,12,17,43,79
9976772,CSSE2010,5,17,11,26,58
9976789,CSSE2010,7,12,12,42,71
9985501,CSSE2010,7,15,12,40,74
9992079,CSSE2010,9,19,18,43,88
9995054,CSSE2010,6,14,18,32,70
9996894,CSSE2010,8,20,18,34,79
9999953,CSSE2010,9,12,19,44,84
